{"sections":{"navigation_slideshow_bRUGzJ":{"type":"navigation-slideshow","blocks":{"slide_bRWpXB":{"type":"slide","settings":{"image_desktop":"shopify:\/\/shop_images\/person-holds-a-book-over-a-stack-and-turns-the-page.jpg","overlay_text_align":"text-start","mob_center_text":true,"subheading":"Your business book matchmaker","heading":"Business books you'll love","heading_size":"h2","heading_h1":true,"text":"<p>Let us match you with the perfect business book<\/p>","enlarge_text":true,"button_1_label":"Book Concierge","button_1_link":"shopify:\/\/pages\/book-concierge","button_1_style":"btn btn--primary","button_2_label":"","button_2_link":"","button_2_style":"btn btn--primary","transparent_content_color":"#ffffff"}},"slide_FFQTYG":{"type":"slide","disabled":true,"settings":{"overlay_text_align":"text-start","mob_center_text":true,"subheading":"","heading":"Navigation slideshow","heading_size":"h1","heading_h1":false,"text":"<p>Share information about your brand with your customers. Describe a product, make announcements, or welcome customers to your store.<\/p>","enlarge_text":true,"button_1_label":"Optional button","button_1_link":"","button_1_style":"btn btn--primary","button_2_label":"","button_2_link":"","button_2_style":"btn btn--primary","transparent_content_color":"#ffffff"}}},"block_order":["slide_bRWpXB","slide_FFQTYG"],"settings":{"height_mode":"fixed","fixed_height_desktop":700,"fixed_height_mobile":350,"quick_nav_menu":"","quick_nav_title":"","quick_nav_image_ratio":"1","quick_nav_image_fit":"contain","quick_nav_use_product_image":false,"quick_nav_color_scheme":"default","quick_nav_show_price":false,"menu_1_text":"","menu_1_display":"large_text","menu_2_text":"Navigation options","menu_2_display":"large_text","menu_3_text":"Choose an option","menu_3_display":"large_text","nav_style":"slideshow_nav_lines","pagination_color":"#ffffff","transition":"slide-fade","autoplay":false,"slider_pause":false,"autoplay_speed":5,"color_scheme":"white","full_width":true,"tint_color":"#000000","tint_opacity":40,"accessibility_info":"Featured collections and new arrivals","prevent_animation":false}},"collection-list":{"type":"collection-list","blocks":{"941eefe2-b827-453c-8e11-8e82b2686ccb":{"type":"collection","settings":{"collection":"leadership"}},"collection-0":{"type":"collection","settings":{"collection":"business-growth"}},"collection-1":{"type":"collection","settings":{"collection":"strategic-thinking"}},"collection-2":{"type":"collection","settings":{"collection":"finance"}},"collection-3":{"type":"collection","settings":{"collection":"management"}}},"block_order":["941eefe2-b827-453c-8e11-8e82b2686ccb","collection-0","collection-1","collection-2","collection-3"],"settings":{"title":"Shop By Collection","heading_align":"text-center","button_label":"","button_link":"","layout":"carousel","card_size":"medium","use_product_image":false,"circle_image":true,"show_border":true,"color_scheme":"3","full_width":true}},"scrolling-banner":{"type":"scrolling-banner","blocks":{"scrolling-text-1":{"type":"text","settings":{"text":"Call on our Book Concierge","link":"shopify:\/\/pages\/book-concierge","font":"heading","heading_size":"h3"}},"scrolling-icon-2":{"type":"icon","settings":{"icon":"eye","icon_size":64}},"scrolling-text-3":{"type":"text","disabled":true,"settings":{"text":"Grab customers' attention","link":"","font":"body","heading_size":"h1"}},"scrolling-button-4":{"type":"button","settings":{"button_label":"Match me!","button_link":"\/","button_style":"btn btn--primary"}}},"block_order":["scrolling-text-1","scrolling-icon-2","scrolling-text-3","scrolling-button-4"],"settings":{"section_height":"default","spacing":44,"speed":24,"direction":"normal","pausable":true,"color_scheme":"1","dividers":"none","prevent_animation":true}},"49418ad9-1637-4c82-90d6-7e34559369cd":{"type":"rich-text","blocks":{"template--20648150597655__49418ad9-1637-4c82-90d6-7e34559369cd-subheading-1":{"type":"subheading","settings":{"text":"REREADABLE"}},"template--20648150597655__49418ad9-1637-4c82-90d6-7e34559369cd-heading-1":{"type":"heading","settings":{"heading":"Smart Savings, Sharp Insights","heading_size":"h2","heading_h1":false}},"template--20648150597655__49418ad9-1637-4c82-90d6-7e34559369cd-text-1":{"type":"text","settings":{"text":"<p> Invest in knowledge, fuel your success journey, and transform your career affordably.<\/p>","enlarge_text":true}},"template--20648150597655__49418ad9-1637-4c82-90d6-7e34559369cd-button-1":{"type":"button","settings":{"button_1_label":"LEARN MORE","button_1_link":"shopify:\/\/collections\/all","button_1_style":"btn--primary","button_2_label":"SHOP NOW","button_2_link":"shopify:\/\/collections","button_2_style":"btn btn--primary"}}},"block_order":["template--20648150597655__49418ad9-1637-4c82-90d6-7e34559369cd-subheading-1","template--20648150597655__49418ad9-1637-4c82-90d6-7e34559369cd-heading-1","template--20648150597655__49418ad9-1637-4c82-90d6-7e34559369cd-text-1","template--20648150597655__49418ad9-1637-4c82-90d6-7e34559369cd-button-1"],"settings":{"text_position":"justify-center","text_align":"text-center","mob_center_text":true,"color_scheme":"none","full_width":true,"prevent_animation":false}},"d7b904bf-e4b4-44ac-86b8-1c64c16f1814":{"type":"media-with-text","blocks":{"template--20648150597655__d7b904bf-e4b4-44ac-86b8-1c64c16f1814-heading-1":{"type":"heading","settings":{"heading":"UNLOCK BUSINESS WISDOM ON A BUDGET","heading_size":"h1","heading_h1":false}},"template--20648150597655__d7b904bf-e4b4-44ac-86b8-1c64c16f1814-text-1":{"type":"text","settings":{"text":"<p>Uncover valuable insights, fuel your entrepreneurial spirit, and enrich your library without breaking the bank. Invest smart, learn more – shop now.<\/p>","enlarge_text":true}},"template--20648150597655__d7b904bf-e4b4-44ac-86b8-1c64c16f1814-button-1":{"type":"button","settings":{"button_label":"SHOP NOW","button_link":"shopify:\/\/collections","button_style":"btn btn--primary"}}},"block_order":["template--20648150597655__d7b904bf-e4b4-44ac-86b8-1c64c16f1814-heading-1","template--20648150597655__d7b904bf-e4b4-44ac-86b8-1c64c16f1814-text-1","template--20648150597655__d7b904bf-e4b4-44ac-86b8-1c64c16f1814-button-1"],"custom_css":["{background: url(https:\/\/cdn.shopify.com\/s\/files\/1\/0693\/9797\/0967\/files\/Background-grey.jpg?v=1702021888); background-size: cover; background-position: centerl;}"],"settings":{"image":"shopify:\/\/shop_images\/Book-mockup.png","video_external":"","video_description":"","video_autoplay":false,"layout":"right","image_fit":"contain","media_width":50,"media_scale":100,"text_align":"text-start","color_scheme":"none","only_content_color_scheme":false}},"image-banner":{"type":"image-banner","blocks":{"banner-heading":{"type":"heading","settings":{"heading":"Pre-Owned Business Books","heading_size":"h1","heading_h1":false}},"banner-text":{"type":"text","settings":{"text":"<p>A treasure trove of knowledge at unbeatable prices. Elevate your skills, empower your career, and invest wisely in your professional journey. Shop now for affordable expertise!<\/p>","enlarge_text":true}},"banner-button":{"type":"button","settings":{"button_1_label":"SHOP NOW","button_1_link":"shopify:\/\/collections\/all","button_1_style":"btn btn--primary","button_2_label":"","button_2_link":"\/","button_2_style":"btn btn--primary"}}},"block_order":["banner-heading","banner-text","banner-button"],"settings":{"image_desktop":"shopify:\/\/shop_images\/relaxing-and-reading.jpg","url":"","height_mode":"auto","fixed_height_desktop":400,"fixed_height_mobile":350,"overlay_position":"justify-end items-center","overlay_text_align":"text-center","mob_center_text":false,"mobile_stacked":false,"color_scheme":"white","full_width":true,"transparent_content_color":"#ffffff","tint_color":"#000000","tint_opacity":40,"prevent_animation":false}},"featured-collection":{"type":"featured-collection","settings":{"title":"BEST SELLERS","heading_align":"text-start","show_view_all":true,"collection":"best-sellers","layout":"carousel","card_size_mobile":"small","card_size":"small","products_to_show":8,"show_promo_info":true,"image":"shopify:\/\/shop_images\/book-3_2184332e-80d8-4ad8-b988-5d12e1b79b41.png","image_ratio":"0.75","promo_title":"","content":"","link_url":"shopify:\/\/products\/to-sell-is-human","button_label":"","color_scheme":"2","button_style":"btn btn--primary"}},"featured-product":{"type":"featured-product","blocks":{"richtext_3rjKLQ":{"type":"richtext","settings":{"richtext":"<h3>Book of the week<\/h3>"}},"product-labels-1":{"type":"product-labels","settings":{}},"title-2":{"type":"title","settings":{"show_weight":false}},"rating-3":{"type":"rating","settings":{}},"price-4":{"type":"price","settings":{"show_tax_and_shipping":true}},"description-5":{"type":"description","settings":{"show_as_collapsible_content":false,"text":"<p>Lorem ipsum dolor sit amet, consectetur adipiscing elit, sed do eiusmod tempor incididunt ut labore et dolore magna aliqua. Ut enim ad minim veniam, quis nostrud exercitation ullamco laboris nisi ut aliquip ex ea commodo consequat.<\/p>","icon":"none","open":true}},"divider-6":{"type":"divider","settings":{"show_line":true,"spacing":"mt-8 mb-8"}},"variant-picker-7":{"type":"variant-picker","settings":{"selector_style":"buttons","enable_dynamic_availability":true,"show_backorder_text":true,"enable_size_chart":false,"size_chart_variant":"Size","size_chart_page":""}},"buy-buttons-8":{"type":"buy-buttons","settings":{"show_qty_selector":true,"enable_dynamic_checkout":true,"show_gift_card_recipient":false}},"divider-9":{"type":"divider","settings":{"show_line":true,"spacing":"mt-8 mb-8"}}},"block_order":["richtext_3rjKLQ","product-labels-1","title-2","rating-3","price-4","description-5","divider-6","variant-picker-7","buy-buttons-8","divider-9"],"settings":{"product":"atomic-habits","media_ratio":"natural","media_crop":"none","hover_zoom":"off","enable_video_looping":false,"media_width":50,"color_scheme":"2","border_color":"rgba(0,0,0,0)","bg_color":"#739b35"}},"multi-column":{"type":"multi-column","blocks":{"multi-column-0":{"type":"column","settings":{"enable_media":true,"image":"shopify:\/\/shop_images\/pexels-oladimeji-ajegbile-2908773.jpg","media_scale":100,"heading":"Column 1","text":"<p>Pair text with an image to focus on a product, collection or blog post. Add details on availability, style, or even provide a review.<\/p>","button_label":"","button_link":""}},"multi-column-1":{"type":"column","settings":{"enable_media":true,"image":"shopify:\/\/shop_images\/pexels-thought-catalog-2228580.jpg","media_scale":100,"heading":"Column 2","text":"<p>Pair text with an image to focus on a product, collection or blog post. Add details on availability, style, or even provide a review.<\/p>","button_label":"","button_link":""}},"multi-column-2":{"type":"column","settings":{"enable_media":true,"image":"shopify:\/\/shop_images\/pexels-oziel-gomez-2846814.jpg","media_scale":100,"heading":"Column 3","text":"<p>Pair text with an image to focus on a product, collection or blog post. Add details on availability, style, or even provide a review.<\/p>","button_label":"","button_link":""}},"multi-column-3":{"type":"column","settings":{"enable_media":true,"image":"shopify:\/\/shop_images\/black-spectacles-otop-an-open-book.jpg","media_scale":100,"heading":"Column 4","text":"<p>Pair text with an image to focus on a product, collection or blog post. Add details on availability, style, or even provide a review.<\/p>","button_label":"","button_link":""}}},"block_order":["multi-column-0","multi-column-1","multi-column-2","multi-column-3"],"disabled":true,"settings":{"title":"Multi-column","heading_align":"text-start","button_label":"View All","button_link":"","layout":"carousel","column_size":"medium","column_align":"left","media_align":"text-center","image_ratio":"1","color_scheme":"3","button_style":"btn btn--secondary"}},"61fad2a4-370a-45c4-9ad7-811639e06f3a":{"type":"testimonials","blocks":{"template--20648150597655__61fad2a4-370a-45c4-9ad7-811639e06f3a-testimonial-1":{"type":"testimonial","settings":{"testimonial":"<p>To give to a new business owner to celebrate their new venture<\/p>","author":"","author_info":"","show_star_rating":false,"star_rating":5}},"testimonial_waYKik":{"type":"testimonial","settings":{"testimonial":"<p>as a birthday present for the business owner in the family<\/p>","author":"","author_info":"","show_star_rating":false,"star_rating":5}},"template--20648150597655__61fad2a4-370a-45c4-9ad7-811639e06f3a-testimonial-2":{"type":"testimonial","settings":{"testimonial":"<p>to learn something new to grow the business<\/p>","author":"","author_info":"","show_star_rating":false,"star_rating":5}}},"block_order":["template--20648150597655__61fad2a4-370a-45c4-9ad7-811639e06f3a-testimonial-1","testimonial_waYKik","template--20648150597655__61fad2a4-370a-45c4-9ad7-811639e06f3a-testimonial-2"],"settings":{"heading":"Buy a book ...","show_quotes":true,"testimonial_size":"h0","text_position":"justify-center","text_align":"text-center justify-center","nav_style":"slideshow_nav_dots","transition":"fade","autoplay":true,"slider_pause":false,"autoplay_speed":5,"color_scheme":"1","full_width":true}},"290f74e6-e784-4aa6-9bec-93cf1aae7ce0":{"type":"featured-blog","disabled":true,"settings":{"title":"Featured blog","heading_align":"text-start","show_view_all":true,"blog":"news","layout":"carousel","posts_to_show":8,"show_featured_image":true,"show_tags":false,"show_excerpt":true,"show_author":true,"show_date":true,"show_button":false,"color_scheme":"none","image_ratio":"1.77","button_style":"btn btn--primary"}},"promo_strip_crkgrE":{"type":"promo-strip","blocks":{"heading_69jkQt":{"type":"heading","settings":{"heading":"Listen Up! 🎧","heading_size":"h3","show_on_mobile":true,"show_on_desktop":true}},"text_F3LdeC":{"type":"text","settings":{"text":"<p>Meet Aussie business owners and what books inspired them. Listen to the Rereadable podcast download the lastest ep. from your favourite podcast broadcast platform<\/p>","enlarge_text":false,"show_on_mobile":true,"show_on_desktop":true}},"button_J6RLNV":{"type":"button","settings":{"button_label":"See our Podcast episode page","button_link":"shopify:\/\/pages\/contact","button_style":"btn btn--primary"}}},"block_order":["heading_69jkQt","text_F3LdeC","button_J6RLNV"],"settings":{"section_height":"default","color_scheme":"2","full_width":true,"dividers":"none","prevent_animation":true}},"29d0aa05-44ad-4069-bce1-857d61dd578d":{"type":"newsletter","blocks":{"template--20648150597655__29d0aa05-44ad-4069-bce1-857d61dd578d-heading-1":{"type":"heading","settings":{"heading":"Subscribe to our emails","heading_size":"h4"}},"template--20648150597655__29d0aa05-44ad-4069-bce1-857d61dd578d-text-1":{"type":"text","settings":{"text":"<p>Be the first to know about new collections and exclusive offers.<\/p>","enlarge_text":false}},"template--20648150597655__29d0aa05-44ad-4069-bce1-857d61dd578d-form-1":{"type":"form","settings":{}}},"block_order":["template--20648150597655__29d0aa05-44ad-4069-bce1-857d61dd578d-heading-1","template--20648150597655__29d0aa05-44ad-4069-bce1-857d61dd578d-text-1","template--20648150597655__29d0aa05-44ad-4069-bce1-857d61dd578d-form-1"],"settings":{"overlay_position":"justify-center","text_align":"text-center","color_scheme":"3","full_width":true,"transparent_content_color":"#ffffff","tint_color":"#000000","tint_opacity":20}}},"order":["navigation_slideshow_bRUGzJ","collection-list","scrolling-banner","49418ad9-1637-4c82-90d6-7e34559369cd","d7b904bf-e4b4-44ac-86b8-1c64c16f1814","image-banner","featured-collection","featured-product","multi-column","61fad2a4-370a-45c4-9ad7-811639e06f3a","290f74e6-e784-4aa6-9bec-93cf1aae7ce0","promo_strip_crkgrE","29d0aa05-44ad-4069-bce1-857d61dd578d"]}