{"sections":{"main":{"type":"main-page","settings":{"show_page_title":true,"heading_align":"text-center"}},"fe979671-f65f-4c1f-b4ad-867efa8cdc30":{"type":"media-with-text","blocks":{"template--20677767004183__fe979671-f65f-4c1f-b4ad-867efa8cdc30-heading-1":{"type":"heading","settings":{"heading":"Media with text","heading_size":"h3","heading_h1":false}},"template--20677767004183__fe979671-f65f-4c1f-b4ad-867efa8cdc30-text-1":{"type":"text","settings":{"text":"<p>Share information about your brand with your customers. Describe a product, make announcements, or welcome customers to your store.<\/p>","enlarge_text":false}},"template--20677767004183__fe979671-f65f-4c1f-b4ad-867efa8cdc30-button-1":{"type":"button","settings":{"button_label":"Optional button","button_link":"","button_style":"btn btn--primary"}}},"block_order":["template--20677767004183__fe979671-f65f-4c1f-b4ad-867efa8cdc30-heading-1","template--20677767004183__fe979671-f65f-4c1f-b4ad-867efa8cdc30-text-1","template--20677767004183__fe979671-f65f-4c1f-b4ad-867efa8cdc30-button-1"],"settings":{"image":"shopify:\/\/shop_images\/pexels-thought-catalog-2228580.jpg","video_external":"","video_description":"","video_autoplay":false,"layout":"left","image_fit":"contain","media_width":50,"media_scale":100,"text_align":"text-start","color_scheme":"1","only_content_color_scheme":false}},"0060d8e8-ab00-42ca-8fd0-9d13cdc1d8a8":{"type":"media-with-text","blocks":{"833236af-2111-44d8-b879-48346e9ef295":{"type":"heading","settings":{"heading":"Media with text","heading_size":"h3","heading_h1":false}},"3f89a1fc-32c2-408a-891f-b029ae581577":{"type":"text","settings":{"text":"<p>Share information about your brand with your customers. Describe a product, make announcements, or welcome customers to your store.<\/p>","enlarge_text":false}},"fc4e1b62-03dd-4a73-991a-abd3aa1d88b1":{"type":"button","settings":{"button_label":"Optional button","button_link":"","button_style":"btn btn--primary"}}},"block_order":["833236af-2111-44d8-b879-48346e9ef295","3f89a1fc-32c2-408a-891f-b029ae581577","fc4e1b62-03dd-4a73-991a-abd3aa1d88b1"],"settings":{"image":"shopify:\/\/shop_images\/pexels-oziel-gomez-2846814.jpg","video_external":"","video_description":"","video_autoplay":false,"layout":"right","image_fit":"contain","media_width":50,"media_scale":100,"text_align":"text-start","color_scheme":"2","only_content_color_scheme":false}},"30509311-8d11-4d42-8d9c-cba0aa668cce":{"type":"media-with-text","blocks":{"e03208de-f335-4d9c-9ed9-5df4bfcd942e":{"type":"heading","settings":{"heading":"Media with text","heading_size":"h3","heading_h1":false}},"ce526288-adf4-4532-a317-94fdd179c0dc":{"type":"text","settings":{"text":"<p>Share information about your brand with your customers. Describe a product, make announcements, or welcome customers to your store.<\/p>","enlarge_text":false}},"879e4d39-c4eb-49e8-b2e5-f8d8aa85d915":{"type":"button","settings":{"button_label":"Optional button","button_link":"","button_style":"btn btn--primary"}}},"block_order":["e03208de-f335-4d9c-9ed9-5df4bfcd942e","ce526288-adf4-4532-a317-94fdd179c0dc","879e4d39-c4eb-49e8-b2e5-f8d8aa85d915"],"settings":{"image":"shopify:\/\/shop_images\/two-hands-hold-a-book-open-to-read.jpg","video_external":"","video_description":"","video_autoplay":false,"layout":"left","image_fit":"contain","media_width":50,"media_scale":100,"text_align":"text-start","color_scheme":"3","only_content_color_scheme":false}},"739e24e9-7992-4ec2-900d-45e147a4fcdc":{"type":"rich-text","blocks":{"template--20677767004183__739e24e9-7992-4ec2-900d-45e147a4fcdc-subheading-1":{"type":"subheading","settings":{"text":"Subheading"}},"template--20677767004183__739e24e9-7992-4ec2-900d-45e147a4fcdc-heading-1":{"type":"heading","settings":{"heading":"Rich text headline","heading_size":"h2","heading_h1":false}},"template--20677767004183__739e24e9-7992-4ec2-900d-45e147a4fcdc-text-1":{"type":"text","settings":{"text":"<p>Share information about your store with your customers. Describe a product, share announcements, or welcome customers to your store.<\/p>","enlarge_text":true}},"template--20677767004183__739e24e9-7992-4ec2-900d-45e147a4fcdc-button-1":{"type":"button","settings":{"button_1_label":"Optional button","button_1_link":"","button_1_style":"btn--primary","button_2_label":"Optional button","button_2_link":"","button_2_style":"btn btn--primary"}}},"block_order":["template--20677767004183__739e24e9-7992-4ec2-900d-45e147a4fcdc-subheading-1","template--20677767004183__739e24e9-7992-4ec2-900d-45e147a4fcdc-heading-1","template--20677767004183__739e24e9-7992-4ec2-900d-45e147a4fcdc-text-1","template--20677767004183__739e24e9-7992-4ec2-900d-45e147a4fcdc-button-1"],"settings":{"text_position":"justify-center","text_align":"text-center","mob_center_text":true,"color_scheme":"none","full_width":true,"prevent_animation":false}},"133ff8a2-ec12-441d-b110-32e760f8259b":{"type":"newsletter","blocks":{"template--20677767004183__133ff8a2-ec12-441d-b110-32e760f8259b-heading-1":{"type":"heading","settings":{"heading":"Subscribe to our emails","heading_size":"h4"}},"template--20677767004183__133ff8a2-ec12-441d-b110-32e760f8259b-text-1":{"type":"text","settings":{"text":"<p>Be the first to know about new collections and exclusive offers.<\/p>","enlarge_text":false}},"template--20677767004183__133ff8a2-ec12-441d-b110-32e760f8259b-form-1":{"type":"form","settings":{}}},"block_order":["template--20677767004183__133ff8a2-ec12-441d-b110-32e760f8259b-heading-1","template--20677767004183__133ff8a2-ec12-441d-b110-32e760f8259b-text-1","template--20677767004183__133ff8a2-ec12-441d-b110-32e760f8259b-form-1"],"settings":{"overlay_position":"justify-center","text_align":"text-center","color_scheme":"1","full_width":true,"transparent_content_color":"#ffffff","tint_color":"#000000","tint_opacity":20}}},"order":["main","fe979671-f65f-4c1f-b4ad-867efa8cdc30","0060d8e8-ab00-42ca-8fd0-9d13cdc1d8a8","30509311-8d11-4d42-8d9c-cba0aa668cce","739e24e9-7992-4ec2-900d-45e147a4fcdc","133ff8a2-ec12-441d-b110-32e760f8259b"]}