{"sections":{"main":{"type":"main-page","disabled":true,"settings":{"show_page_title":true,"heading_align":"text-center"}},"972ce85f-2c0c-46dc-9f47-17a6de4c101d":{"type":"image-banner","blocks":{"template--20677855412247__972ce85f-2c0c-46dc-9f47-17a6de4c101d-heading-1":{"type":"heading","settings":{"heading":"DONATE A BOOK","heading_size":"h0","heading_h1":true}},"template--20677855412247__972ce85f-2c0c-46dc-9f47-17a6de4c101d-text-1":{"type":"text","settings":{"text":"<p>Share information about your brand with your customers. Describe a product, make announcements, or welcome customers to your store.<\/p>","enlarge_text":true}}},"block_order":["template--20677855412247__972ce85f-2c0c-46dc-9f47-17a6de4c101d-heading-1","template--20677855412247__972ce85f-2c0c-46dc-9f47-17a6de4c101d-text-1"],"settings":{"image_desktop":"shopify:\/\/shop_images\/deal-of-a-lifetime.jpg","url":"","height_mode":"auto","fixed_height_desktop":600,"fixed_height_mobile":350,"overlay_position":"justify-center items-center","overlay_text_align":"text-center","mob_center_text":false,"mobile_stacked":false,"color_scheme":"white","full_width":true,"transparent_content_color":"#ffffff","tint_color":"#000000","tint_opacity":40,"prevent_animation":false}},"c3052137-fae6-4137-a4d7-9693eee18f0d":{"type":"contact-form","blocks":{"template--20681051602967__c3052137-fae6-4137-a4d7-9693eee18f0d-name-1":{"type":"name","settings":{"required":true,"half_width":true}},"template--20681051602967__c3052137-fae6-4137-a4d7-9693eee18f0d-email-1":{"type":"email","settings":{"required":true,"half_width":true}},"template--20681051602967__c3052137-fae6-4137-a4d7-9693eee18f0d-phone-1":{"type":"phone","settings":{"required":false,"half_width":true}},"template--20681051602967__c3052137-fae6-4137-a4d7-9693eee18f0d-dropdown-1":{"type":"dropdown","settings":{"title":"Dropdown","options":"Option 1\nOption 2\nOption 3","half_width":true}},"template--20681051602967__c3052137-fae6-4137-a4d7-9693eee18f0d-body-1":{"type":"body","settings":{"required":true,"half_width":false}}},"block_order":["template--20681051602967__c3052137-fae6-4137-a4d7-9693eee18f0d-name-1","template--20681051602967__c3052137-fae6-4137-a4d7-9693eee18f0d-email-1","template--20681051602967__c3052137-fae6-4137-a4d7-9693eee18f0d-phone-1","template--20681051602967__c3052137-fae6-4137-a4d7-9693eee18f0d-dropdown-1","template--20681051602967__c3052137-fae6-4137-a4d7-9693eee18f0d-body-1"],"settings":{"heading":"Message us to know more about how to donate books.","heading_align":"text-center","image_position":"top","color_scheme":"none","full_width":true,"button_style":"btn btn--primary"}}},"order":["main","972ce85f-2c0c-46dc-9f47-17a6de4c101d","c3052137-fae6-4137-a4d7-9693eee18f0d"]}