{"sections":{"main":{"type":"main-page","settings":{}},"image-banner":{"type":"image-banner","blocks":{"heading":{"type":"heading","settings":{"heading":"Contact Us","heading_size":"h1","heading_h1":true}},"text":{"type":"text","settings":{"text":"<p>Please visit our help pages for answers to some of the most commonly asked questions.<\/p>","enlarge_text":true}}},"block_order":["heading","text"],"disabled":true,"settings":{"image_desktop":"shopify:\/\/shop_images\/black-spectacles-otop-an-open-book.jpg","url":"","height_mode":"fixed","fixed_height_desktop":560,"fixed_height_mobile":440,"overlay_position":"justify-start items-center","overlay_text_align":"text-start","mob_center_text":true,"mobile_stacked":false,"color_scheme":"white","full_width":true,"transparent_content_color":"#ffffff","tint_color":"#000000","tint_opacity":40,"prevent_animation":false}},"form":{"type":"contact-form","blocks":{"contact-name-2":{"type":"name","settings":{"required":true,"half_width":true}},"contact-email-3":{"type":"email","settings":{"required":true,"half_width":true}},"custom_tAHTEL":{"type":"custom","settings":{"title":"Business name","type":"text","required":false,"half_width":true}},"custom_b4aGNN":{"type":"custom","settings":{"title":"Website","type":"text","required":false,"half_width":true}},"dropdown_JhW8Vh":{"type":"dropdown","settings":{"title":"Are you the business owner?","options":"Yes I am.\nNo, I work in the business.\nNo, I support the business\/business owner in other ways.","half_width":false}},"text_VdiRKn":{"type":"text","settings":{"text":"<p><strong>Briefly describe the business<\/strong><\/p>","half_width":false}},"custom_bJWF8d":{"type":"custom","settings":{"title":"What is the industry?","type":"text","required":false,"half_width":true}},"custom_GgUzQ7":{"type":"custom","settings":{"title":"Who are the customers?","type":"text","required":false,"half_width":true}},"custom_9ecgUt":{"type":"custom","settings":{"title":"Where are the customers located?","type":"text","required":false,"half_width":false}},"custom_JQyMMN":{"type":"custom","settings":{"title":"How long has the business been operating?","type":"text","required":false,"half_width":false}},"dropdown_enqLza":{"type":"dropdown","settings":{"title":"How many people work in the business?","options":"Just me (the business owner)\n1 – 4 people including the owner\n5 – 19 people including the owner\n20+ people\nIt’s a large corporate or government department","half_width":false}},"body_BFEbip":{"type":"body","settings":{"required":true,"half_width":false}}},"block_order":["contact-name-2","contact-email-3","custom_tAHTEL","custom_b4aGNN","dropdown_JhW8Vh","text_VdiRKn","custom_bJWF8d","custom_GgUzQ7","custom_9ecgUt","custom_JQyMMN","dropdown_enqLza","body_BFEbip"],"settings":{"heading":"Drop us an email","heading_align":"text-center","image_position":"top","color_scheme":"2","full_width":false,"button_style":"btn btn--primary"}},"newsletter":{"type":"newsletter","blocks":{"newsletter-heading-0":{"type":"heading","settings":{"heading":"Sign up to our Newsletter","heading_size":"h5"}},"newsletter-text-1":{"type":"text","settings":{"text":"<p>Be the first to know about new collections and exclusive offers.<\/p>","enlarge_text":false}},"newsletter-form-2":{"type":"form","settings":{}}},"block_order":["newsletter-heading-0","newsletter-text-1","newsletter-form-2"],"settings":{"overlay_position":"justify-center","text_align":"text-center","color_scheme":"1","full_width":true,"transparent_content_color":"#ffffff","tint_color":"#000000","tint_opacity":20}}},"order":["main","image-banner","form","newsletter"]}