{"sections":{"main":{"type":"main-page","disabled":true,"settings":{"show_page_title":true,"heading_align":"text-center"}},"972ce85f-2c0c-46dc-9f47-17a6de4c101d":{"type":"image-banner","blocks":{"template--20677855412247__972ce85f-2c0c-46dc-9f47-17a6de4c101d-heading-1":{"type":"heading","settings":{"heading":"PODCAST","heading_size":"h0","heading_h1":true}},"template--20677855412247__972ce85f-2c0c-46dc-9f47-17a6de4c101d-text-1":{"type":"text","settings":{"text":"<p>Share information about your brand with your customers. Describe a product, make announcements, or welcome customers to your store.<\/p>","enlarge_text":true}}},"block_order":["template--20677855412247__972ce85f-2c0c-46dc-9f47-17a6de4c101d-heading-1","template--20677855412247__972ce85f-2c0c-46dc-9f47-17a6de4c101d-text-1"],"settings":{"image_desktop":"shopify:\/\/shop_images\/looking-out-window-wearing-headphones.jpg","url":"","height_mode":"auto","fixed_height_desktop":600,"fixed_height_mobile":350,"overlay_position":"justify-center items-center","overlay_text_align":"text-center","mob_center_text":false,"mobile_stacked":false,"color_scheme":"white","full_width":true,"transparent_content_color":"#ffffff","tint_color":"#000000","tint_opacity":40,"prevent_animation":false}},"78438006-4a78-46ad-81b1-6785bdcdd0ce":{"type":"featured-blog","settings":{"title":"Entrepreneurship","heading_align":"text-start","show_view_all":true,"blog":"","layout":"carousel","posts_to_show":6,"show_featured_image":true,"show_tags":false,"show_excerpt":true,"show_author":true,"show_date":true,"show_button":false,"color_scheme":"1","image_ratio":"1.77","button_style":"btn btn--primary"}},"0269fcd2-9470-4fc3-9a0d-0ad841655476":{"type":"featured-blog","settings":{"title":"Leadership","heading_align":"text-start","show_view_all":true,"blog":"","layout":"carousel","posts_to_show":6,"show_featured_image":true,"show_tags":false,"show_excerpt":true,"show_author":true,"show_date":true,"show_button":false,"color_scheme":"3","image_ratio":"1.77","button_style":"btn btn--primary"}},"f85a5b21-407f-485d-87e6-250fda7711da":{"type":"featured-blog","settings":{"title":"Strategy","heading_align":"text-start","show_view_all":true,"blog":"","layout":"carousel","posts_to_show":6,"show_featured_image":true,"show_tags":false,"show_excerpt":true,"show_author":true,"show_date":true,"show_button":false,"color_scheme":"1","image_ratio":"1.77","button_style":"btn btn--primary"}},"6051bf1a-1816-41e7-81ef-973b1f0aecf8":{"type":"featured-blog","settings":{"title":"Leadership","heading_align":"text-start","show_view_all":true,"blog":"","layout":"carousel","posts_to_show":6,"show_featured_image":true,"show_tags":false,"show_excerpt":true,"show_author":true,"show_date":true,"show_button":false,"color_scheme":"3","image_ratio":"1.77","button_style":"btn btn--primary"}},"133ff8a2-ec12-441d-b110-32e760f8259b":{"type":"newsletter","blocks":{"template--20677767004183__133ff8a2-ec12-441d-b110-32e760f8259b-heading-1":{"type":"heading","settings":{"heading":"Subscribe to our emails","heading_size":"h4"}},"template--20677767004183__133ff8a2-ec12-441d-b110-32e760f8259b-text-1":{"type":"text","settings":{"text":"<p>Be the first to know about new collections and exclusive offers.<\/p>","enlarge_text":false}},"template--20677767004183__133ff8a2-ec12-441d-b110-32e760f8259b-form-1":{"type":"form","settings":{}}},"block_order":["template--20677767004183__133ff8a2-ec12-441d-b110-32e760f8259b-heading-1","template--20677767004183__133ff8a2-ec12-441d-b110-32e760f8259b-text-1","template--20677767004183__133ff8a2-ec12-441d-b110-32e760f8259b-form-1"],"settings":{"overlay_position":"justify-center","text_align":"text-center","color_scheme":"1","full_width":true,"transparent_content_color":"#ffffff","tint_color":"#000000","tint_opacity":20}}},"order":["main","972ce85f-2c0c-46dc-9f47-17a6de4c101d","78438006-4a78-46ad-81b1-6785bdcdd0ce","0269fcd2-9470-4fc3-9a0d-0ad841655476","f85a5b21-407f-485d-87e6-250fda7711da","6051bf1a-1816-41e7-81ef-973b1f0aecf8","133ff8a2-ec12-441d-b110-32e760f8259b"]}