{"sections":{"main":{"type":"main-product","blocks":{"vendor-sku":{"type":"vendor-sku","settings":{"show_vendor":true,"show_sku":false,"show_barcode":false}},"afdfe777-964d-41bd-99d3-5cf685ea6e95":{"type":"custom-liquid","disabled":true,"settings":{"custom_liquid":"Published: {{ product.metafields.custom.publication_date | date: \"%b %d, %Y\" }}<\/br>\nIssue\/Volume: {{ product.metafields.custom.publication_date | date: \"%b %d, %Y\" }}"}},"title":{"type":"title","settings":{"show_weight":false}},"price":{"type":"price","settings":{"show_tax_and_shipping":true}},"divider-0":{"type":"divider","settings":{"show_line":true,"spacing":"mt-8 mb-8"}},"variant-picker":{"type":"variant-picker","settings":{"selector_style":"dropdown","enable_dynamic_availability":true,"show_backorder_text":true,"enable_size_chart":false,"size_chart_variant":"Size","size_chart_page":""}},"pop_up_YK7QAY":{"type":"pop-up","settings":{"link_text":"About Book Conditions","link_style":"link","text":"<p><strong>New<\/strong> - hot off the publisher's presses and untouched. Brand-new condition. <\/p><p><strong>Pre-loved excellent <\/strong>- this book has been read before but is still in excellent condition. There are no marks or highlights to be found!<\/p><p><strong>Pre-loved Good<\/strong> - you can tell this book has been read before. It is still in good condition but the cover may be a bit damaged and the pages a bit yellow and creased.<\/p><p><strong>Pre-loved fair<\/strong> - this book has been well loved before! It may have a damaged cover, creased pages, some highlighting throughout (yay! saves you reading time!) and some marks in on the page borders. However, the message in the book itself remains valuable.<\/p>","page":""}},"divider-1":{"type":"divider","settings":{"show_line":true,"spacing":"mt-8 mb-8"}},"buy-buttons":{"type":"buy-buttons","settings":{"show_qty_selector":true,"enable_dynamic_checkout":true,"show_pickup_availability":true,"show_gift_card_recipient":false}},"message-1":{"type":"message","disabled":true,"settings":{"icon":"clock","title":"<p><strong>Popular right now<br\/><\/strong>Lots of people have looked at this recently<\/p>","close":"once","show_over_media":true,"visibility_duration":4,"bg_color":"#e4edfa","text_color":"#1a66d2"}},"message-2":{"type":"message","disabled":true,"settings":{"icon":"price_tag","title":"<p><strong>Selling fast!<br\/><\/strong>Grab yours while you can<\/p>","close":"once","show_over_media":true,"visibility_duration":5,"bg_color":"#e4edfa","text_color":"#1a66d2"}},"collapsible-content-2":{"type":"collapsible-content","settings":{"heading":"Delivery and Shipping","icon":"truck","text":"<p>Add some general information about your delivery and shipping policies.<\/p>","page":"","open":false}},"share":{"type":"share","disabled":true,"settings":{}},"message-3":{"type":"message","disabled":true,"settings":{"icon":"none","title":"<p>Add a stand out message for your customers<\/p>","close":"once","show_over_media":false,"visibility_duration":7,"bg_color":"#e4edfa","text_color":"#1a66d2"}}},"block_order":["vendor-sku","afdfe777-964d-41bd-99d3-5cf685ea6e95","title","price","divider-0","variant-picker","pop_up_YK7QAY","divider-1","buy-buttons","message-1","message-2","collapsible-content-2","share","message-3"],"settings":{"stick_on_scroll":true,"sticky_atc_panel":true,"sticky_atc_position":"end","sticky_atc_mobile":true,"media_layout":"slider","media_size":"default","media_ratio":"0.75","media_crop":"none","hover_zoom":"large","enable_video_looping":false,"stacked_scroll":"always","underline_active":true,"media_thumbs":"desktop","thumb_ratio":"1","thumb_crop":"none","media_arrows":"desktop","show_slide_count":true,"border_color":"#eeeeee","bg_color":"#f4f4f4","enable_media_grouping":false,"media_grouping_option":"Color,Colour,Couleur,Farbe"}},"details":{"type":"product-details","blocks":{"highlight-text":{"type":"highlight-text","settings":{"title":"{{ product.title }}","text":"<p>Text to highlight a key feature of your product<\/p>"}},"tabs":{"type":"tabs","settings":{"style":"collapsible","open_first":false,"show_description":false,"show_reviews":false,"custom_reviews":"","show_specification":false,"spec_metafields":"","spec_right_align":false,"spec_show_empty_metafields":true,"spec_empty_field_text":"-","tab_1_title":"","tab_1_text":"","tab_1_page":"","tab_2_title":"","tab_2_text":"","tab_2_page":"","tab_3_title":"","tab_3_text":"","tab_3_page":""}},"payment-methods":{"type":"payment-methods","settings":{"title":"Payment & Security","title1":"Payment methods","show_payment_icons":true,"text1":"<p>Your payment information is processed securely. We do not store credit card details nor have access to your credit card information.<\/p>","title2":"","text2":""}}},"block_order":["highlight-text","tabs","payment-methods"],"settings":{}},"recommendations":{"type":"product-recommendations","settings":{"heading":"You may also like","heading_align":"text-start","layout":"carousel","card_size_mobile":"small","card_size":"small","products_to_show":8}}},"order":["main","details","recommendations"]}