{"presets":{"Digital":{"heading_color":"#2a2b2a","text_color":"#2a2b2a","link_color":"#2a2b2a","star_color":"#ff9f1c","button_bg_color":"#2a2b2a","button_text_color":"#ffffff","button_alt_bg_color":"#ffffff","button_alt_text_color":"#2a2b2a","color_scheme_1_bg":"#f4f4f4","color_scheme_1_bg_grad":"linear-gradient(180deg, rgba(244, 244, 244, 1), rgba(244, 244, 244, 1) 100%)","color_scheme_1_heading":"#2a2b2a","color_scheme_1_text":"#2a2b2a","color_scheme_1_btn_bg":"#ff580d","color_scheme_2_bg":"#2a2b2a","color_scheme_2_bg_grad":"linear-gradient(225deg, rgba(51, 59, 67, 0.88) 8%, rgba(41, 47, 54, 1) 56%, rgba(20, 20, 20, 1) 92%)","color_scheme_2_heading":"#ff580d","color_scheme_2_btn_bg":"#ff580d","color_scheme_3_bg":"#ff580d","color_scheme_3_bg_grad":"linear-gradient(46deg, rgba(234, 73, 0, 1) 8%, rgba(234, 73, 0, 1) 32%, rgba(255, 88, 13, 0.88) 92%)","color_scheme_3_heading":"#ffffff","color_scheme_3_text":"#ffffff","color_scheme_3_btn_bg":"#2a2b2a","panel_bg_color":"#f4f4f4","panel_heading_color":"#2a2b2a","panel_text_color":"#2a2b2a","drawer_text_color":"#2a2b2a","blend_bg_color":"#f4f4f4","heading_font":"dm_sans_n7","heading_uppercase":false,"subheading_uppercase":false,"button_text_uppercase":false,"heading_scale_start":"4","body_font":"dm_sans_n4","navigation_font":"dm_sans_n7","max_page_width":1260,"section_gap":"48","input_button_border_width":"2","input_button_border_radius":26,"slider_show_arrows":"never","slider_button_style":"btn--primary","drawer_border_radius":16,"overlay_border_radius":0,"show_breadcrumbs_collection":true,"show_breadcrumbs_collection_list":true,"show_breadcrumbs_blog":false,"show_breadcrumbs_article":false,"coll_border_color":"#f2f2f2","prod_card_image_ratio":"1","prod_card_image_fit":"cover","card_show_vendor":true,"card_show_subtitle":false,"card_show_rating":true,"card_show_inventory":true,"card_atc_mobile":"text_button_bottom","card_atc_desktop":"text_button_bottom","card_contain":false,"card_bg_color":"#ffffff","card_text_color":"#26262b","card_border_color":"#f2f2f2","compare_empty_field_text":"N\/A","inventory_threshold_low":20,"inventory_threshold_very_low":8,"inventory_show_notice":"always","inventory_show_count":"always","sale_label_bg_color":"#aa1155","sale_label_text_color":"#ffffff","sale_label_icon":"price_tag","sale_label_type":"percent","sold_out_label_bg_color":"#2a2b2a","sold_out_label_text_color":"#ffffff","new_label_bg_color":"#7fb800","new_label_text_color":"#ffffff","preorder_label_bg_color":"#00a6ed","preorder_label_text_color":"#ffffff","custom_label_bg_color":"#0d2c54","custom_label_text_color":"#ffffff","speech_icon_color":"#ff580d","cart_icon":"basket","cart_type":"drawer","show_recommendations":true,"recommendations_heading":"You may also like...","recommendations_to_show":3,"cart_shaking":true,"show_free_shipping_notice":true,"free_shipping_color_scheme":"1","animations_enabled":"mobile_desktop","image_quality":"1.25","blur_message_delay":4,"vibrate_on_atc":true,"heading_type_scale":"1.3"},"Active":{"heading_color":"#000000","text_color":"#000000","link_color":"#000000","star_color":"#ffd737","button_bg_color":"#621979","button_text_color":"#ffffff","button_alt_text_color":"#000000","button_alt_bg_color":"#ffffff","color_scheme_1_bg":"#f5f5f5","color_scheme_1_bg_grad":"linear-gradient(46deg, rgba(245, 245, 245, 1) 13%, rgba(249, 249, 249, 1) 86%)","color_scheme_1_heading":"#000000","color_scheme_1_text":"#000000","color_scheme_1_btn_bg":"#621979","color_scheme_1_btn_text":"#ffffff","color_scheme_2_bg":"#2e2e2e","color_scheme_2_bg_grad":"linear-gradient(180deg, rgba(46, 46, 46, 1), rgba(46, 46, 46, 1) 100%)","color_scheme_2_heading":"#ffffff","color_scheme_2_text":"#ffffff","color_scheme_2_btn_bg":"#621979","color_scheme_2_btn_text":"#ffffff","color_scheme_3_bg":"#621979","color_scheme_3_bg_grad":"linear-gradient(180deg, rgba(98, 25, 121, 1), rgba(98, 25, 121, 1) 100%)","color_scheme_3_heading":"#ffffff","color_scheme_3_text":"#ffffff","color_scheme_3_btn_bg":"#ffffff","color_scheme_3_btn_text":"#621979","panel_bg_color":"#f5f5f5","panel_heading_color":"#000000","panel_text_color":"#000000","drawer_text_color":"#000000","blend_bg_color":"#f5f5f5","heading_font":"avenir_next_n8","heading_uppercase":true,"subheading_uppercase":true,"button_text_uppercase":true,"heading_scale_start":"6","body_font":"din_next_n4","navigation_font":"din_next_n7","max_page_width":1590,"section_gap":"64","input_button_border_radius":0,"input_button_border_width":"1","slider_show_arrows":"never","slider_button_style":"btn--primary","slider_items_per_nav":"page","drawer_border_radius":0,"overlay_border_radius":0,"disclosure_toggle":"arrow","show_breadcrumbs_collection":false,"show_breadcrumbs_collection_list":false,"show_breadcrumbs_blog":false,"show_breadcrumbs_article":false,"coll_card_image_ratio":"1","coll_bg_color":"#f5f5f5","coll_border_color":"#ffffff","prod_card_image_ratio":"1","prod_card_image_fit":"cover","card_show_vendor":true,"card_show_rating":true,"card_show_inventory":true,"card_atc_mobile":"icon","card_atc_desktop":"icon","card_contain":true,"card_bg_color":"#f5f5f5","card_text_color":"#070707","card_border_color":"#ffffff","show_dividers":false,"compare_toggle":"toggle_off","compare_show_empty_metafields":false,"compare_empty_field_text":"N\/A","inventory_show_notice":"always","inventory_show_count":"always","in_stock_text_color":"#0da44a","low_stock_text_color":"#363737","very_low_stock_text_color":"#e32b2b","no_stock_text_color":"#070707","sale_label_bg_color":"#e32b2b","sale_label_type":"percent","sold_out_label_bg_color":"#2e2e2e","new_label_bg_color":"#1a66d2","new_label_text_color":"#ffffff","preorder_label_bg_color":"#56cbf9","preorder_label_text_color":"#000000","custom_label_bg_color":"#81f4e1","custom_label_text_color":"#070707","speech_icon_color":"#e32b2b","show_currency_code":true,"show_recommendations":true,"cart_shaking":true,"cart_shaking_frequency":4,"show_free_shipping_notice":true,"free_shipping_color_scheme":"none","animations_enabled":"mobile_desktop","animation_speed":"medium","image_quality":"1","vibrate_on_atc":true,"heading_type_scale":"1.3","button_border_radius":0,"input_text_color":"#000000","badge_card_position":"top-0 right-0 text-right","badge_product_page_position":"top-0 right-0 text-right","new_badge_bg_color":"#cd4c1d","prod_color_selector_style":"swatches"},"Home":{"heading_color":"#090302","text_color":"#090302","link_color":"#090302","star_color":"#67aaf9","button_bg_color":"#090302","button_text_color":"#ffffff","button_alt_bg_color":"#ffffff","button_alt_text_color":"#090302","color_scheme_1_bg":"#f2f2f2","color_scheme_1_heading":"#090302","color_scheme_1_text":"#090302","color_scheme_1_btn_bg":"#090302","color_scheme_2_bg":"#495d63","color_scheme_2_bg_grad":"","color_scheme_2_heading":"#ffffff","color_scheme_2_text":"#ffffff","color_scheme_2_btn_bg":"#ffffff","color_scheme_2_btn_text":"#090302","color_scheme_3_bg":"#fac8cd","color_scheme_3_bg_grad":"","color_scheme_3_heading":"#090302","color_scheme_3_text":"#090302","color_scheme_3_btn_bg":"#090302","panel_bg_color":"#f2f2f2","panel_heading_color":"#090302","panel_text_color":"#090302","drawer_text_color":"#090302","blend_bg_color":"#f2f2f2","heading_font":"avenir_next_n7","heading_uppercase":false,"subheading_uppercase":false,"button_text_uppercase":false,"heading_scale_start":"6","body_font":"muli_n4","max_page_width":1590,"section_gap":"64","input_button_border_width":"1","input_button_border_radius":4,"slider_show_arrows":"hover","slider_button_style":"btn--primary","drawer_border_radius":4,"overlay_border_radius":4,"show_breadcrumbs_collection":false,"show_breadcrumbs_collection_list":false,"show_breadcrumbs_blog":false,"show_breadcrumbs_article":false,"coll_card_image_ratio":"1","coll_bg_color":"#f7f7f7","coll_border_color":"rgba(0,0,0,0)","prod_card_image_ratio":"1","prod_card_image_fit":"cover","card_show_hover_image":true,"card_show_vendor":true,"card_show_subtitle":false,"card_show_rating":true,"card_show_inventory":true,"card_atc_mobile":"text_button_bottom","card_atc_desktop":"text_button_hover","card_contain":false,"card_bg_color":"#f7f7f7","card_text_color":"#141414","card_border_color":"#f7f7f7","show_dividers":false,"compare_toggle":"toggle_off","compare_max":8,"compare_show_empty_metafields":false,"compare_empty_field_text":"N\/A","inventory_threshold_low":10,"inventory_threshold_very_low":2,"inventory_show_notice":"always","inventory_show_count":"always","product_label_card_position":"top-0 start","sale_label_bg_color":"#f71735","sale_label_text_color":"#ffffff","sale_label_icon":"price_tag","sale_label_type":"standard","sold_out_label_bg_color":"#495d63","sold_out_label_text_color":"#ffffff","new_label_bg_color":"#fac8cd","new_label_text_color":"#090302","preorder_label_bg_color":"#67aaf9","preorder_label_text_color":"#ffffff","custom_label_bg_color":"#23022e","custom_label_text_color":"#ffffff","variant_picker_color_style":"variant-images","filter_color_style":"swatches","search_input_font":"body","speech_icon_color":"#ff580d","cart_icon":"basket","cart_type":"drawer","show_recommendations":true,"recommendations_heading":"You may also like...","recommendations_to_show":8,"cart_shaking":true,"cart_shaking_frequency":6,"show_free_shipping_notice":true,"free_shipping_color_scheme":"1","animations_enabled":"mobile_desktop","animation_speed":"fast","image_quality":"1.25","show_blur_messages":true,"blur_message_delay":4,"vibrate_on_atc":true,"checkout_logo_position":"center","checkout_logo_size":"medium","checkout_sidebar_background_color":"#f3f3f3","checkout_accent_color":"#67aaf9","checkout_button_color":"#070707","checkout_error_color":"#b40c1c","heading_type_scale":"1.3"}},"current":{"heading_color":"#2a2b2a","text_color":"#2a2b2a","link_color":"#2a2b2a","star_color":"#ffc7e4","button_bg_color":"#739b35","button_text_color":"#ffffff","button_alt_bg_color":"#ffffff","button_alt_text_color":"#2a2b2a","color_scheme_1_bg":"#ffc7e4","color_scheme_1_bg_grad":"","color_scheme_1_heading":"#739b35","color_scheme_1_text":"#2a2b2a","color_scheme_1_btn_bg":"#739b35","color_scheme_1_btn_text":"#ffffff","color_scheme_2_bg":"#739b35","color_scheme_2_bg_grad":"","color_scheme_2_heading":"#ffc7e4","color_scheme_2_text":"#ffffff","color_scheme_2_btn_bg":"#f4bd60","color_scheme_2_btn_text":"#ffffff","color_scheme_3_bg":"#fff6f3","color_scheme_3_bg_grad":"","color_scheme_3_heading":"#739b35","color_scheme_3_text":"#2a2b2a","color_scheme_3_btn_bg":"#f4bd60","panel_bg_color":"#ffffff","panel_heading_color":"#739b35","panel_text_color":"#2a2b2a","drawer_text_color":"#2a2b2a","success_bg_color":"#8cc63f","success_text_color":"#ffffff","info_bg_color":"#739b35","info_text_color":"#ffffff","blend_bg_color":"#f4f4f4","heading_font":"dm_sans_n7","heading_uppercase":false,"subheading_uppercase":false,"button_text_uppercase":false,"heading_scale_start":"4","body_font":"mono","body_font_size":16,"navigation_font":"dm_sans_n7","max_page_width":1440,"section_gap":"64","input_button_border_width":"2","input_button_border_radius":26,"slider_show_arrows":"never","slider_button_style":"btn--primary","drawer_border_radius":16,"overlay_border_radius":0,"show_breadcrumbs_collection":true,"show_breadcrumbs_collection_list":true,"show_breadcrumbs_article":false,"show_breadcrumbs_blog":false,"coll_show_link":true,"coll_border_color":"#f2f2f2","prod_card_image_ratio":"0.75","prod_card_image_fit":"cover","card_show_vendor":true,"card_show_subtitle":false,"card_show_rating":true,"card_show_inventory":true,"enable_quick_add":false,"card_atc_mobile":"text_button_bottom","card_atc_desktop":"text_button_bottom","card_contain":false,"card_bg_color":"#ffffff","card_text_color":"#26262b","card_border_color":"#f2f2f2","enable_compare":false,"compare_empty_field_text":"N\/A","inventory_threshold_low":20,"inventory_threshold_very_low":8,"inventory_show_notice":"always","inventory_show_count":"always","sale_label_bg_color":"#aa1155","sale_label_text_color":"#ffffff","sale_label_icon":"price_tag","sale_label_type":"percent","sold_out_label_bg_color":"#2a2b2a","sold_out_label_text_color":"#ffffff","new_label_bg_color":"#7fb800","new_label_text_color":"#ffffff","preorder_label_bg_color":"#00a6ed","preorder_label_text_color":"#ffffff","custom_label_bg_color":"#0d2c54","custom_label_text_color":"#ffffff","show_search_types":true,"enable_predictive_search":false,"predictive_search_show_vendor":true,"predictive_search_show_price":true,"predictive_search_include_skus":false,"search_input_placeholder_1":"Search by title, author, or keyword","search_input_placeholder_2":"","search_input_placeholder_3":"","search_input_font":"heading","prompts_mobile":true,"speech_icon_color":"#ff580d","cart_icon":"basket","cart_type":"drawer","show_recommendations":true,"recommendations_heading":"You may also like...","recommendations_to_show":3,"cart_shaking":true,"show_free_shipping_notice":true,"free_shipping_color_scheme":"1","animations_enabled":"disabled","favicon":"shopify:\/\/shop_images\/Rereadable_Primary_Logo_Colored.png","image_quality":"0.75","blur_message_delay":4,"vibrate_on_atc":true,"checkout_logo_image":"shopify:\/\/shop_images\/Rereadable_Primary_Logo_Colored.png","checkout_logo_position":"center","checkout_logo_size":"large","checkout_body_background_color":"#fff6f3","checkout_sidebar_background_color":"#fff6f3","checkout_accent_color":"#f4bd60","checkout_button_color":"#2c7e3f","heading_type_scale":"1.3","sections":{"main-password-header":{"type":"main-password-header","settings":{"logo":"shopify:\/\/shop_images\/Rereadable_Primary_Logo_Colored.png","logo_width":150,"logo_position":"center"}}},"content_for_index":[]}}