{"type":"footer","name":"Footer Group","sections":{"icons-with-text":{"type":"icons-with-text","blocks":{"icons-with-text-1":{"type":"item","disabled":true,"settings":{"icon":"chat_bubble","heading":"Visit our support center","text":"<p>Expert help & advice<\/p>","link":""}},"icons-with-text-2":{"type":"item","settings":{"icon":"check_mark_in_circle","heading":"Book concierge service","text":"<p>Let us play matchmaker and connect you with the perfect book.<\/p>","link":"shopify:\/\/pages\/book-concierge"}},"icons-with-text-3":{"type":"item","settings":{"icon":"return","heading":"Boomerang Books","text":"<p>Want to keep the good reading cycle going. Return the book to us, we'll pay shipping<\/p>","link":"shopify:\/\/pages\/contact"}},"icons-with-text-4":{"type":"item","settings":{"icon":"feather","heading":"Better for the planet","text":"<p>Knowledge shared is knowledge gained<\/p>","link":""}}},"block_order":["icons-with-text-1","icons-with-text-2","icons-with-text-3","icons-with-text-4"],"settings":{"heading":"","heading_align":"text-start","icon_size":36,"title_type_scale":"medium","text_type_scale":"medium","icon_position":"beside","mobile_stack":false,"section_height":"small","color_scheme":"1","full_width":true,"dividers":"border-top","prevent_animation":true}},"footer":{"type":"footer","blocks":{"text":{"type":"text","settings":{"image":"shopify:\/\/shop_images\/Rereadable_Primary_Logo_Colored.png","image_width":150,"heading":"","text":"","button_label":"","button_link":"","enable_follow_on_shop":false,"show_social":false,"text_align":"text-start"}},"link-list-1":{"type":"link_list","settings":{"heading":"Best Sellers","menu":"footer"}},"link-list-2":{"type":"link_list","settings":{"heading":"Customer Service","menu":"footer"}},"newsletter":{"type":"newsletter","settings":{"heading":"Newsletter","text":"<p>Sign up for exclusive offers, original stories, events and more.<\/p>","collapse_mobile":true}}},"block_order":["text","link-list-1","link-list-2","newsletter"],"settings":{"show_back_to_top":false,"show_payment_icons":true,"show_powered_by":false,"enable_country_selector":true,"enable_language_selector":true,"secondary_menu":"","bg_color":"#ffffff","text_color":"#070707"}}},"order":["icons-with-text","footer"]}