{"type":"header","name":"Header Group","sections":{"announcement":{"type":"announcement","blocks":{"announcement-1":{"type":"announcement","disabled":true,"settings":{"text":"<p><strong>Welcome to our store<\/strong> <a href=\"#\" title=\"#\">Learn more<\/a><\/p>"}},"announcement-2":{"type":"announcement","settings":{"text":"<p><strong>Let our book concierge connect you with the perfect book<\/strong><\/p>"}}},"block_order":["announcement-1","announcement-2"],"settings":{"link1":"shopify:\/\/pages\/book-concierge","link1_label":"Match me!","link2":"","link2_label":"","enable_country_selector":false,"enable_language_selector":false,"bg_color":"#8cc63f","text_color":"#ffffff","text_type_scale":"small","read_time":10}},"header":{"type":"header","blocks":{"f7039f84-331d-409e-a066-622799f632b5":{"type":"columns","settings":{"title":"Shop Books","collection_images":"none","collection_use_product_image":false,"show_underline":false,"promo_position":"bottom","promo_min_height":200,"promo_text_color":"#ffffff","promo_tint_color":"#000000","promo_tint_opacity":20,"promo1_content":"","promo1_link_url":"","promo1_text_size":16,"promo1_text_width":100,"promo1_text_alignment":"justify-center items-center text-center","promo2_content":"","promo2_link_url":"","promo2_text_size":16,"promo2_text_width":100,"promo2_text_alignment":"justify-center items-center text-center","promo3_content":"","promo3_link_url":"","promo3_text_size":16,"promo3_text_width":100,"promo3_text_alignment":"justify-center items-center text-center","badge1_color":"#000000","badge1_link":"","badge1_text":"","badge2_color":"#000000","badge2_link":"","badge2_text":"","badge3_color":"#000000","badge3_link":"","badge3_text":""}}},"block_order":["f7039f84-331d-409e-a066-622799f632b5"],"settings":{"enable_sticky":false,"mobile_menu_position":"burger-left","logo_text":"Rereadable","logo_type_scale":"1.5","logo":"{{ shop.brand.logo }}","logo_width":150,"logo_h1":false,"logo_center":false,"enable_search":true,"minimise_search_mobile":false,"minimise_search_desktop":false,"menu":"navigation","menu_center":true,"repeat_links":true,"menu_featured_link":"","quicklinks_menu":"","cta_show":false,"cta_icon":"phone","cta_label":"Call us","cta_link":"","cta_border_color":"#333333","cta_bg_color":"#333333","cta_text_color":"#ffffff","bg_color":"#ffffff","text_color":"#070707","accent_color":"#777777"}},"promo-strip":{"type":"promo-strip","blocks":{"heading-0":{"type":"heading","settings":{"heading":"Special offer - get $50 off!","heading_size":"h6","show_on_mobile":true,"show_on_desktop":true}},"text-1":{"type":"text","settings":{"text":"<p>This week only get $50 off $500<\/p>","enlarge_text":false,"show_on_mobile":true,"show_on_desktop":true}},"discount-2":{"type":"discount","settings":{"discount_code":"DISCOUNTCODE"}}},"block_order":["heading-0","text-1","discount-2"],"disabled":true,"settings":{"section_height":"xsmall","color_scheme":"3","full_width":true,"dividers":"border-top","prevent_animation":false}}},"order":["announcement","header","promo-strip"]}